revision,run_t0_utc,run_t0_ist,state,site,site_lat,site_lon,grid_iy,grid_ix,grid_lat,grid_lon,lead_min,valid_time_utc,valid_time_ist,ghi_actual_wm2,ghi_pred_wm2,kstar_pred,ghi_cs_wm2,zen_deg,day_mask,timestamp,ghi,Available_Capacity,zenith,cos_zenith,month,hour,climatology_cf,climatology_power,ghi_aug,log_GHI,GHI_sq,GHI_cubed,GHI_cosZ,hour_sin,hour_cos,Predicted_Power
R1,2026-01-01T20:15:00+00:00,2026-01-02T01:45:00+05:30,MH,Fermi Solar 132kV,20.4,75.0,87,92,20.408586502075195,74.98617553710938,75,2026-01-01T20:15:00+00:00,2026-01-02T01:45:00+05:30,,0.0,0.0,0.0,163.272705078125,0.0,2026-01-02 01:45:00,0.0,80.0,163.2582437204724,-0.9576128165908533,1,1.75,0.0,0.0,0.0,0.0,0.0,0.0,-0.0,0.44228869021900125,0.8968727415326884,0.0
R1,2026-01-01T20:30:00+00:00,2026-01-02T02:00:00+05:30,MH,Fermi Solar 132kV,20.4,75.0,87,92,20.408586502075195,74.98617553710938,90,2026-01-01T20:30:00+00:00,2026-01-02T02:00:00+05:30,,0.0,0.0,0.0,159.83013916015625,0.0,2026-01-02 02:00:00,0.0,80.0,159.81576870273062,-0.9385880187295366,1,2.0,0.0,0.0,0.0,0.0,0.0,0.0,-0.0,0.49999999999999994,0.8660254037844387,0.0
R1,2026-01-01T20:45:00+00:00,2026-01-02T02:15:00+05:30,MH,Fermi Solar 132kV,20.4,75.0,87,92,20.408586502075195,74.98617553710938,105,2026-01-01T20:45:00+00:00,2026-01-02T02:15:00+05:30,,0.0,0.0,0.0,156.3807830810547,0.0,2026-01-02 02:15:00,0.0,80.0,156.366452909445,-0.9161281652675848,1,2.25,0.0,0.0,0.0,0.0,0.0,0.0,-0.0,0.5555702330196022,0.8314696123025452,0.0
R1,2026-01-01T21:00:00+00:00,2026-01-02T02:30:00+05:30,MH,Fermi Solar 132kV,20.4,75.0,87,92,20.408586502075195,74.98617553710938,120,2026-01-01T21:00:00+00:00,2026-01-02T02:30:00+05:30,,0.0,0.0,0.0,152.92898559570312,0.0,2026-01-02 02:30:00,0.0,80.0,152.91465382919034,-0.8903292845519001,1,2.5,0.0,0.0,0.0,0.0,0.0,0.0,-0.0,0.6087614290087207,0.7933533402912352,0.0
R1,2026-01-01T21:15:00+00:00,2026-01-02T02:45:00+05:30,MH,Fermi Solar 132kV,20.4,75.0,87,92,20.408586502075195,74.98617553710938,135,2026-01-01T21:15:00+00:00,2026-01-02T02:45:00+05:30,,0.0,0.0,0.0,149.47738647460938,0.0,2026-01-02 02:45:00,0.0,80.0,149.46305223157106,-0.8613016900167605,1,2.75,0.0,0.0,0.0,0.0,0.0,0.0,-0.0,0.6593458151000688,0.7518398074789774,0.0
R1,2026-01-01T21:30:00+00:00,2026-01-02T03:00:00+05:30,MH,Fermi Solar 132kV,20.4,75.0,87,92,20.408586502075195,74.98617553710938,150,2026-01-01T21:30:00+00:00,2026-01-02T03:00:00+05:30,,0.0,0.0,0.0,146.02789306640625,0.0,2026-01-02 03:00:00,0.0,80.0,146.0135209873056,-0.8291695110243882,1,3.0,0.0,0.0,0.0,0.0,0.0,0.0,-0.0,0.7071067811865475,0.7071067811865476,0.0
R1,2026-01-01T21:45:00+00:00,2026-01-02T03:15:00+05:30,MH,Fermi Solar 132kV,20.4,75.0,87,92,20.408586502075195,74.98617553710938,165,2026-01-01T21:45:00+00:00,2026-01-02T03:15:00+05:30,,0.0,0.0,0.0,142.58192443847656,0.0,2026-01-02 03:15:00,0.0,80.0,142.56751861675292,-0.794070167232191,1,3.25,0.0,0.0,0.0,0.0,0.0,0.0,-0.0,0.7518398074789774,0.6593458151000688,0.0
R1,2026-01-01T22:00:00+00:00,2026-01-02T03:30:00+05:30,MH,Fermi Solar 132kV,20.4,75.0,87,92,20.408586502075195,74.98617553710938,180,2026-01-01T22:00:00+00:00,2026-01-02T03:30:00+05:30,,0.0,0.0,0.0,139.14073181152344,0.0,2026-01-02 03:30:00,0.0,80.0,139.1262862381529,-0.7561537725205394,1,3.5,0.0,0.0,0.0,0.0,0.0,0.0,-0.0,0.7933533402912352,0.6087614290087207,0.0
R2,2026-01-01T21:15:00+00:00,2026-01-02T02:45:00+05:30,MH,Fermi Solar 132kV,20.4,75.0,87,92,20.408586502075195,74.98617553710938,75,2026-01-01T21:15:00+00:00,2026-01-02T02:45:00+05:30,,0.0,0.0,0.0,149.47738647460938,0.0,2026-01-02 02:45:00,0.0,80.0,149.46305223157106,-0.8613016900167605,1,2.75,0.0,0.0,0.0,0.0,0.0,0.0,-0.0,0.6593458151000688,0.7518398074789774,0.0
R2,2026-01-01T21:30:00+00:00,2026-01-02T03:00:00+05:30,MH,Fermi Solar 132kV,20.4,75.0,87,92,20.408586502075195,74.98617553710938,90,2026-01-01T21:30:00+00:00,2026-01-02T03:00:00+05:30,,0.0,0.0,0.0,146.02789306640625,0.0,2026-01-02 03:00:00,0.0,80.0,146.0135209873056,-0.8291695110243882,1,3.0,0.0,0.0,0.0,0.0,0.0,0.0,-0.0,0.7071067811865475,0.7071067811865476,0.0
R2,2026-01-01T21:45:00+00:00,2026-01-02T03:15:00+05:30,MH,Fermi Solar 132kV,20.4,75.0,87,92,20.408586502075195,74.98617553710938,105,2026-01-01T21:45:00+00:00,2026-01-02T03:15:00+05:30,,0.0,0.0,0.0,142.58192443847656,0.0,2026-01-02 03:15:00,0.0,80.0,142.56751861675292,-0.794070167232191,1,3.25,0.0,0.0,0.0,0.0,0.0,0.0,-0.0,0.7518398074789774,0.6593458151000688,0.0
R2,2026-01-01T22:00:00+00:00,2026-01-02T03:30:00+05:30,MH,Fermi Solar 132kV,20.4,75.0,87,92,20.408586502075195,74.98617553710938,120,2026-01-01T22:00:00+00:00,2026-01-02T03:30:00+05:30,,0.0,0.0,0.0,139.14073181152344,0.0,2026-01-02 03:30:00,0.0,80.0,139.1262862381529,-0.7561537725205394,1,3.5,0.0,0.0,0.0,0.0,0.0,0.0,-0.0,0.7933533402912352,0.6087614290087207,0.0
R2,2026-01-01T22:15:00+00:00,2026-01-02T03:45:00+05:30,MH,Fermi Solar 132kV,20.4,75.0,87,92,20.408586502075195,74.98617553710938,135,2026-01-01T22:15:00+00:00,2026-01-02T03:45:00+05:30,,0.0,0.0,0.0,135.70545959472656,0.0,2026-01-02 03:45:00,0.0,80.0,135.69095725792442,-0.7155824969633489,1,3.75,0.0,0.0,0.0,0.0,0.0,0.0,-0.0,0.8314696123025451,0.5555702330196024,0.0
R2,2026-01-01T22:30:00+00:00,2026-01-02T04:00:00+05:30,MH,Fermi Solar 132kV,20.4,75.0,87,92,20.408586502075195,74.98617553710938,150,2026-01-01T22:30:00+00:00,2026-01-02T04:00:00+05:30,,0.0,0.0,0.0,132.2771759033203,0.0,2026-01-02 04:00:00,0.0,80.0,132.26262367680536,-0.6725298794686125,1,4.0,0.0,0.0,0.0,0.0,0.0,0.0,-0.0,0.8660254037844386,0.5000000000000001,0.0
R2,2026-01-01T22:45:00+00:00,2026-01-02T04:15:00+05:30,MH,Fermi Solar 132kV,20.4,75.0,87,92,20.408586502075195,74.98617553710938,165,2026-01-01T22:45:00+00:00,2026-01-02T04:15:00+05:30,,0.0,0.0,0.0,128.8569793701172,0.0,2026-01-02 04:15:00,0.0,80.0,128.84237865014995,-0.6271800748817813,1,4.25,0.0,0.0,0.0,0.0,0.0,0.0,-0.0,0.8968727415326884,0.44228869021900125,0.0
R2,2026-01-01T23:00:00+00:00,2026-01-02T04:30:00+05:30,MH,Fermi Solar 132kV,20.4,75.0,87,92,20.408586502075195,74.98617553710938,180,2026-01-01T23:00:00+00:00,2026-01-02T04:30:00+05:30,,0.0,0.0,0.0,125.44601440429688,0.0,2026-01-02 04:30:00,0.0,80.0,125.43134859157287,-0.5797270714890072,1,4.5,0.0,0.0,0.0,0.0,0.0,0.0,-0.0,0.9238795325112867,0.38268343236508984,0.0
R3,2026-01-01T22:15:00+00:00,2026-01-02T03:45:00+05:30,MH,Fermi Solar 132kV,20.4,75.0,87,92,20.408586502075195,74.98617553710938,75,2026-01-01T22:15:00+00:00,2026-01-02T03:45:00+05:30,,0.0,0.0,0.0,135.70545959472656,0.0,2026-01-02 03:45:00,0.0,80.0,135.69095725792442,-0.7155824969633489,1,3.75,0.0,0.0,0.0,0.0,0.0,0.0,-0.0,0.8314696123025451,0.5555702330196024,0.0
R3,2026-01-01T22:30:00+00:00,2026-01-02T04:00:00+05:30,MH,Fermi Solar 132kV,20.4,75.0,87,92,20.408586502075195,74.98617553710938,90,2026-01-01T22:30:00+00:00,2026-01-02T04:00:00+05:30,,0.0,0.0,0.0,132.2771759033203,0.0,2026-01-02 04:00:00,0.0,80.0,132.26262367680536,-0.6725298794686125,1,4.0,0.0,0.0,0.0,0.0,0.0,0.0,-0.0,0.8660254037844386,0.5000000000000001,0.0
R3,2026-01-01T22:45:00+00:00,2026-01-02T04:15:00+05:30,MH,Fermi Solar 132kV,20.4,75.0,87,92,20.408586502075195,74.98617553710938,105,2026-01-01T22:45:00+00:00,2026-01-02T04:15:00+05:30,,0.0,0.0,0.0,128.8569793701172,0.0,2026-01-02 04:15:00,0.0,80.0,128.84237865014995,-0.6271800748817813,1,4.25,0.0,0.0,0.0,0.0,0.0,0.0,-0.0,0.8968727415326884,0.44228869021900125,0.0
R3,2026-01-01T23:00:00+00:00,2026-01-02T04:30:00+05:30,MH,Fermi Solar 132kV,20.4,75.0,87,92,20.408586502075195,74.98617553710938,120,2026-01-01T23:00:00+00:00,2026-01-02T04:30:00+05:30,,0.0,0.0,0.0,125.44601440429688,0.0,2026-01-02 04:30:00,0.0,80.0,125.43134859157287,-0.5797270714890072,1,4.5,0.0,0.0,0.0,0.0,0.0,0.0,-0.0,0.9238795325112867,0.38268343236508984,0.0
R3,2026-01-01T23:15:00+00:00,2026-01-02T04:45:00+05:30,MH,Fermi Solar 132kV,20.4,75.0,87,92,20.408586502075195,74.98617553710938,135,2026-01-01T23:15:00+00:00,2026-01-02T04:45:00+05:30,,0.0,0.0,0.0,122.04544830322266,0.0,2026-01-02 04:45:00,0.0,80.0,122.03071908180519,-0.5303738682882765,1,4.75,0.0,0.0,0.0,0.0,0.0,0.0,-0.0,0.9469301294951056,0.3214394653031617,0.0
R3,2026-01-01T23:30:00+00:00,2026-01-02T05:00:00+05:30,MH,Fermi Solar 132kV,20.4,75.0,87,92,20.408586502075195,74.98617553710938,150,2026-01-01T23:30:00+00:00,2026-01-02T05:00:00+05:30,,0.0,0.0,0.0,118.65655517578124,0.0,2026-01-02 05:00:00,0.0,80.0,118.6417564669311,-0.4793315940689085,1,5.0,0.0,0.0,0.0,0.0,0.0,0.0,-0.0,0.9659258262890683,0.25881904510252074,0.0
R3,2026-01-01T23:45:00+00:00,2026-01-02T05:15:00+05:30,MH,Fermi Solar 132kV,20.4,75.0,87,92,20.408586502075195,74.98617553710938,165,2026-01-01T23:45:00+00:00,2026-01-02T05:15:00+05:30,,0.0,0.0,0.0,115.28069305419922,0.0,2026-01-02 05:15:00,0.0,80.0,115.26582992960265,-0.426818610457515,1,5.25,0.0,0.0,0.0,0.0,0.0,0.0,-0.0,0.9807852804032304,0.19509032201612833,0.0
R3,2026-01-02T00:00:00+00:00,2026-01-02T05:30:00+05:30,MH,Fermi Solar 132kV,20.4,75.0,87,92,20.408586502075195,74.98617553710938,180,2026-01-02T00:00:00+00:00,2026-01-02T05:30:00+05:30,0.0,0.0,0.0,0.0,111.91936492919922,0.0,2026-01-02 05:30:00,0.0,80.0,111.90443403267146,-0.37305958528624117,1,5.5,0.0,0.0,0.0,0.0,0.0,0.0,-0.0,0.9914448613738104,0.1305261922200517,0.0
R4,2026-01-01T23:15:00+00:00,2026-01-02T04:45:00+05:30,MH,Fermi Solar 132kV,20.4,75.0,87,92,20.408586502075195,74.98617553710938,75,2026-01-01T23:15:00+00:00,2026-01-02T04:45:00+05:30,,0.0,0.0,0.0,122.04544830322266,0.0,2026-01-02 04:45:00,0.0,80.0,122.03071908180519,-0.5303738682882765,1,4.75,0.0,0.0,0.0,0.0,0.0,0.0,-0.0,0.9469301294951056,0.3214394653031617,0.0
R4,2026-01-01T23:30:00+00:00,2026-01-02T05:00:00+05:30,MH,Fermi Solar 132kV,20.4,75.0,87,92,20.408586502075195,74.98617553710938,90,2026-01-01T23:30:00+00:00,2026-01-02T05:00:00+05:30,,0.0,0.0,0.0,118.65655517578124,0.0,2026-01-02 05:00:00,0.0,80.0,118.6417564669311,-0.4793315940689085,1,5.0,0.0,0.0,0.0,0.0,0.0,0.0,-0.0,0.9659258262890683,0.25881904510252074,0.0
R4,2026-01-01T23:45:00+00:00,2026-01-02T05:15:00+05:30,MH,Fermi Solar 132kV,20.4,75.0,87,92,20.408586502075195,74.98617553710938,105,2026-01-01T23:45:00+00:00,2026-01-02T05:15:00+05:30,,0.0,0.0,0.0,115.28069305419922,0.0,2026-01-02 05:15:00,0.0,80.0,115.26582992960265,-0.426818610457515,1,5.25,0.0,0.0,0.0,0.0,0.0,0.0,-0.0,0.9807852804032304,0.19509032201612833,0.0
R4,2026-01-02T00:00:00+00:00,2026-01-02T05:30:00+05:30,MH,Fermi Solar 132kV,20.4,75.0,87,92,20.408586502075195,74.98617553710938,120,2026-01-02T00:00:00+00:00,2026-01-02T05:30:00+05:30,0.0,0.0,0.0,0.0,111.91936492919922,0.0,2026-01-02 05:30:00,0.0,80.0,111.90443403267146,-0.37305958528624117,1,5.5,0.0,0.0,0.0,0.0,0.0,0.0,-0.0,0.9914448613738104,0.1305261922200517,0.0
R4,2026-01-02T00:15:00+00:00,2026-01-02T05:45:00+05:30,MH,Fermi Solar 132kV,20.4,75.0,87,92,20.408586502075195,74.98617553710938,135,2026-01-02T00:15:00+00:00,2026-01-02T05:45:00+05:30,0.0,0.0,0.0,0.0,108.57421112060548,0.0,2026-01-02 05:45:00,0.0,80.0,108.55921145520041,-0.3182845175045565,1,5.75,0.0,0.0,0.0,0.0,0.0,0.0,-0.0,0.9978589232386035,0.06540312923014327,0.0
R4,2026-01-02T00:30:00+00:00,2026-01-02T06:00:00+05:30,MH,Fermi Solar 132kV,20.4,75.0,87,92,20.408586502075195,74.98617553710938,150,2026-01-02T00:30:00+00:00,2026-01-02T06:00:00+05:30,0.0,0.0,0.0,0.0,105.24703979492188,0.0,2026-01-02 06:00:00,0.0,80.0,105.23197954032123,-0.2627277600617939,1,6.0,0.0,0.0,0.0,0.0,0.0,0.0,-0.0,1.0,6.123233995736766e-17,0.0
R4,2026-01-02T00:45:00+00:00,2026-01-02T06:15:00+05:30,MH,Fermi Solar 132kV,20.4,75.0,87,92,20.408586502075195,74.98617553710938,165,2026-01-02T00:45:00+00:00,2026-01-02T06:15:00+05:30,0.0,0.0,0.0,0.0,101.93988800048828,0.0,2026-01-02 06:15:00,0.0,80.0,101.92476014775836,-0.20662702497248123,1,6.25,0.0,0.0,0.0,0.0,0.0,0.0,-0.0,0.9978589232386035,-0.06540312923014314,0.0
R4,2026-01-02T01:00:00+00:00,2026-01-02T06:30:00+05:30,MH,Fermi Solar 132kV,20.4,75.0,87,92,20.408586502075195,74.98617553710938,180,2026-01-02T01:00:00+00:00,2026-01-02T06:30:00+05:30,0.0,0.0,0.0,0.0,98.6550064086914,0.0,2026-01-02 06:30:00,0.0,80.0,98.63981236057656,-0.1502223513588992,1,6.5,0.0,0.0,0.0,0.0,0.0,0.0,-0.0,0.9914448613738104,-0.1305261922200516,0.0
R5,2026-01-02T00:15:00+00:00,2026-01-02T05:45:00+05:30,MH,Fermi Solar 132kV,20.4,75.0,87,92,20.408586502075195,74.98617553710938,75,2026-01-02T00:15:00+00:00,2026-01-02T05:45:00+05:30,0.0,0.0,0.0,0.0,108.57421112060548,0.0,2026-01-02 05:45:00,0.0,80.0,108.55921145520041,-0.3182845175045565,1,5.75,0.0,0.0,0.0,0.0,0.0,0.0,-0.0,0.9978589232386035,0.06540312923014327,0.0
R5,2026-01-02T00:30:00+00:00,2026-01-02T06:00:00+05:30,MH,Fermi Solar 132kV,20.4,75.0,87,92,20.408586502075195,74.98617553710938,90,2026-01-02T00:30:00+00:00,2026-01-02T06:00:00+05:30,0.0,0.0,0.0,0.0,105.24703979492188,0.0,2026-01-02 06:00:00,0.0,80.0,105.23197954032123,-0.2627277600617939,1,6.0,0.0,0.0,0.0,0.0,0.0,0.0,-0.0,1.0,6.123233995736766e-17,0.0
R5,2026-01-02T00:45:00+00:00,2026-01-02T06:15:00+05:30,MH,Fermi Solar 132kV,20.4,75.0,87,92,20.408586502075195,74.98617553710938,105,2026-01-02T00:45:00+00:00,2026-01-02T06:15:00+05:30,0.0,0.0,0.0,0.0,101.93988800048828,0.0,2026-01-02 06:15:00,0.0,80.0,101.92476014775836,-0.20662702497248123,1,6.25,0.0,0.0,0.0,0.0,0.0,0.0,-0.0,0.9978589232386035,-0.06540312923014314,0.0
R5,2026-01-02T01:00:00+00:00,2026-01-02T06:30:00+05:30,MH,Fermi Solar 132kV,20.4,75.0,87,92,20.408586502075195,74.98617553710938,120,2026-01-02T01:00:00+00:00,2026-01-02T06:30:00+05:30,0.0,0.0,0.0,0.0,98.6550064086914,0.0,2026-01-02 06:30:00,0.0,80.0,98.63981236057656,-0.1502223513588992,1,6.5,0.0,0.0,0.0,0.0,0.0,0.0,-0.0,0.9914448613738104,-0.1305261922200516,0.0
R5,2026-01-02T01:15:00+00:00,2026-01-02T06:45:00+05:30,MH,Fermi Solar 132kV,20.4,75.0,87,92,20.408586502075195,74.98617553710938,135,2026-01-02T01:15:00+00:00,2026-01-02T06:45:00+05:30,0.0,0.0,0.0,0.0,95.39492797851562,0.0,2026-01-02 06:45:00,0.0,80.0,95.37967167380391,-0.09375508577738835,1,6.75,1.3043478260869429e-06,0.00010434782608695543,0.0,0.0,0.0,0.0,-0.0,0.9807852804032304,-0.1950903220161282,0.00010672276123710189
R5,2026-01-02T01:30:00+00:00,2026-01-02T07:00:00+05:30,MH,Fermi Solar 132kV,20.4,75.0,87,92,20.408586502075195,74.98617553710938,150,2026-01-02T01:30:00+00:00,2026-01-02T07:00:00+05:30,0.0,0.0,0.0,0.0,92.16251373291016,0.0,2026-01-02 07:00:00,0.0,80.0,92.14719534044674,-0.037466857052895756,1,7.0,0.0014839784946236558,0.11871827956989246,0.0,0.0,0.0,0.0,-0.0,0.9659258262890683,-0.25881904510252063,0.11917517312572848
R5,2026-01-02T01:45:00+00:00,2026-01-02T07:15:00+05:30,MH,Fermi Solar 132kV,20.4,75.0,87,92,20.408586502075195,74.98617553710938,165,2026-01-02T01:45:00+00:00,2026-01-02T07:15:00+05:30,0.0,,,43.07818984985352,88.96098327636719,1.0,2026-01-02 07:15:00,,80.0,88.9456137572218,0.01840147286592359,1,7.25,0.013394392473118279,1.0715513978494622,,,,,,0.9469301294951057,-0.3214394653031616,1.0110009328938812
R5,2026-01-02T02:00:00+00:00,2026-01-02T07:30:00+05:30,MH,Fermi Solar 132kV,20.4,75.0,87,92,20.408586502075195,74.98617553710938,180,2026-01-02T02:00:00+00:00,2026-01-02T07:30:00+05:30,16.109817504882812,,,43.07818984985352,85.79401397705078,1.0,2026-01-02 07:30:00,,80.0,85.77859180368343,0.07361083209106235,1,7.5,0.03593139247311828,2.8745113978494623,,,,,,0.9238795325112868,-0.3826834323650895,2.336581880207318
R6,2026-01-02T03:00:00+00:00,2026-01-02T08:30:00+05:30,MH,Fermi Solar 132kV,20.4,75.0,87,92,20.408586502075195,74.98617553710938,180,2026-01-02T03:00:00+00:00,2026-01-02T08:30:00+05:30,170.4051513671875,,,253.9796905517578,73.56446075439453,1.0,2026-01-02 08:30:00,,80.0,73.5489174083711,0.2831966299213867,1,8.5,0.24713790322580645,19.771032258064515,,,,,,0.7933533402912352,-0.6087614290087207,10.277985569923155
R6,2026-01-02T02:45:00+00:00,2026-01-02T08:15:00+05:30,MH,Fermi Solar 132kV,20.4,75.0,87,92,20.408586502075195,74.98617553710938,165,2026-01-02T02:45:00+00:00,2026-01-02T08:15:00+05:30,0.0,,,199.97203063964844,76.54515075683594,1.0,2026-01-02 08:15:00,,80.0,76.52962445141192,0.23294257443089855,1,8.25,0.17973816129032258,14.379052903225807,,,,,,0.8314696123025451,-0.5555702330196023,7.341803435203491
R6,2026-01-02T02:30:00+00:00,2026-01-02T08:00:00+05:30,MH,Fermi Solar 132kV,20.4,75.0,87,92,20.408586502075195,74.98617553710938,150,2026-01-02T02:30:00+00:00,2026-01-02T08:00:00+05:30,79.62226867675781,,,144.88580322265625,79.58100128173828,1.0,2026-01-02 08:00:00,,80.0,79.5654971960824,0.1811114069580783,1,8.0,0.11537039784946237,9.22963182795699,,,,,,0.8660254037844387,-0.4999999999999998,5.0478900578948505
R6,2026-01-02T02:15:00+00:00,2026-01-02T07:45:00+05:30,MH,Fermi Solar 132kV,20.4,75.0,87,92,20.408586502075195,74.98617553710938,135,2026-01-02T02:15:00+00:00,2026-01-02T07:45:00+05:30,0.0,,,89.68746948242188,82.66576385498047,1.0,2026-01-02 07:45:00,,80.0,82.65030020863743,0.12792495472381127,1,7.75,0.06659976344086022,5.327981075268817,,,,,,0.8968727415326884,-0.44228869021900113,3.4936449899194573
R6,2026-01-02T02:00:00+00:00,2026-01-02T07:30:00+05:30,MH,Fermi Solar 132kV,20.4,75.0,87,92,20.408586502075195,74.98617553710938,120,2026-01-02T02:00:00+00:00,2026-01-02T07:30:00+05:30,16.109817504882812,,,43.07818984985352,85.79401397705078,1.0,2026-01-02 07:30:00,,80.0,85.77859180368343,0.07361083209106235,1,7.5,0.03593139247311828,2.8745113978494623,,,,,,0.9238795325112868,-0.3826834323650895,2.336581880207318
R6,2026-01-02T01:45:00+00:00,2026-01-02T07:15:00+05:30,MH,Fermi Solar 132kV,20.4,75.0,87,92,20.408586502075195,74.98617553710938,105,2026-01-02T01:45:00+00:00,2026-01-02T07:15:00+05:30,0.0,,,43.07818984985352,88.96098327636719,1.0,2026-01-02 07:15:00,,80.0,88.9456137572218,0.01840147286592359,1,7.25,0.013394392473118279,1.0715513978494622,,,,,,0.9469301294951057,-0.3214394653031616,1.0110009328938812
R6,2026-01-02T01:30:00+00:00,2026-01-02T07:00:00+05:30,MH,Fermi Solar 132kV,20.4,75.0,87,92,20.408586502075195,74.98617553710938,90,2026-01-02T01:30:00+00:00,2026-01-02T07:00:00+05:30,0.0,0.0,0.0,0.0,92.16251373291016,0.0,2026-01-02 07:00:00,0.0,80.0,92.14719534044674,-0.037466857052895756,1,7.0,0.0014839784946236558,0.11871827956989246,0.0,0.0,0.0,0.0,-0.0,0.9659258262890683,-0.25881904510252063,0.11917517312572848
R6,2026-01-02T01:15:00+00:00,2026-01-02T06:45:00+05:30,MH,Fermi Solar 132kV,20.4,75.0,87,92,20.408586502075195,74.98617553710938,75,2026-01-02T01:15:00+00:00,2026-01-02T06:45:00+05:30,0.0,0.0,0.0,0.0,95.39492797851562,0.0,2026-01-02 06:45:00,0.0,80.0,95.37967167380391,-0.09375508577738835,1,6.75,1.3043478260869429e-06,0.00010434782608695543,0.0,0.0,0.0,0.0,-0.0,0.9807852804032304,-0.1950903220161282,0.00010672276123710189
R7,2026-01-02T04:00:00+00:00,2026-01-02T09:30:00+05:30,MH,Fermi Solar 132kV,20.4,75.0,87,92,20.408586502075195,74.98617553710938,180,2026-01-02T04:00:00+00:00,2026-01-02T09:30:00+05:30,365.0740051269531,420.7752990722656,0.9338068962097168,450.60205078125,62.35301971435547,1.0,2026-01-02 09:30:00,420.7752990722656,80.0,62.3376303842594,0.4642604419057578,1,9.5,0.4938723172043011,39.509785376344084,420.7752990722656,6.044472705571902,177051.85230935458,74499046.10676728,195.34932629031746,0.6087614290087209,-0.793353340291235,62.81067862680081
R7,2026-01-02T03:45:00+00:00,2026-01-02T09:15:00+05:30,MH,Fermi Solar 132kV,20.4,75.0,87,92,20.408586502075195,74.98617553710938,165,2026-01-02T03:45:00+00:00,2026-01-02T09:15:00+05:30,334.0277099609375,375.9372253417969,0.9283205270767212,404.96490478515625,65.03024291992188,1.0,2026-01-02 09:15:00,375.9372253417969,80.0,65.01477327166685,0.4223845632723268,1,9.25,0.4368750053763441,34.95000043010753,375.9372253417969,5.932078662553794,141328.79739768896,53130755.95458015,158.7900807438052,0.659345815100069,-0.7518398074789773,57.555024694394405
R7,2026-01-02T03:30:00+00:00,2026-01-02T09:00:00+05:30,MH,Fermi Solar 132kV,20.4,75.0,87,92,20.408586502075195,74.98617553710938,150,2026-01-02T03:30:00+00:00,2026-01-02T09:00:00+05:30,269.15460205078125,327.7823486328125,0.9186541438102722,356.80712890625,67.79818725585938,1.0,2026-01-02 09:00:00,327.7823486328125,80.0,67.78267310922793,0.37812076325774163,1,9.0,0.37742552688172043,30.194042150537634,327.7823486328125,5.795395977534201,107441.26807524264,35217351.18979065,123.94131184745423,0.7071067811865476,-0.7071067811865475,51.983698780292386
R7,2026-01-02T03:15:00+00:00,2026-01-02T08:45:00+05:30,MH,Fermi Solar 132kV,20.4,75.0,87,92,20.408586502075195,74.98617553710938,135,2026-01-02T03:15:00+00:00,2026-01-02T08:45:00+05:30,236.1483612060547,276.6011657714844,0.9028028845787048,306.3804626464844,70.64607238769531,1.0,2026-01-02 08:45:00,276.6011657714844,80.0,70.63052954797806,0.33165849692575944,1,8.75,0.3122449516129032,24.97959612903226,276.6011657714844,5.626185428088833,76508.20490614418,21162258.66812308,91.73712688768333,0.7518398074789774,-0.6593458151000688,46.23192775826055
R7,2026-01-02T03:00:00+00:00,2026-01-02T08:30:00+05:30,MH,Fermi Solar 132kV,20.4,75.0,87,92,20.408586502075195,74.98617553710938,120,2026-01-02T03:00:00+00:00,2026-01-02T08:30:00+05:30,170.4051513671875,224.07801818847656,0.8822674751281738,253.9796905517578,73.56446075439453,1.0,2026-01-02 08:30:00,224.07801818847656,80.0,73.5489174083711,0.2831966299213867,1,8.5,0.24713790322580645,19.771032258064515,224.07801818847656,5.416447089605738,50210.95823527523,11251172.01270484,63.45813959043976,0.7933533402912352,-0.6087614290087207,39.474431180338705
R7,2026-01-02T02:45:00+00:00,2026-01-02T08:15:00+05:30,MH,Fermi Solar 132kV,20.4,75.0,87,92,20.408586502075195,74.98617553710938,105,2026-01-02T02:45:00+00:00,2026-01-02T08:15:00+05:30,0.0,172.12709045410156,0.8607558012008667,199.97203063964844,76.54515075683594,1.0,2026-01-02 08:15:00,172.12709045410156,80.0,76.52962445141192,0.23294257443089855,1,8.25,0.17973816129032258,14.379052903225807,172.12709045410156,5.154025951693838,29627.73526819446,5099735.868458683,40.09572757967856,0.8314696123025451,-0.5555702330196023,13.24296636409652
R7,2026-01-02T02:30:00+00:00,2026-01-02T08:00:00+05:30,MH,Fermi Solar 132kV,20.4,75.0,87,92,20.408586502075195,74.98617553710938,90,2026-01-02T02:30:00+00:00,2026-01-02T08:00:00+05:30,79.62226867675781,120.80015563964844,0.8337611556053162,144.88580322265625,79.58100128173828,1.0,2026-01-02 08:00:00,120.80015563964844,80.0,79.5654971960824,0.1811114069580783,1,8.0,0.11537039784946237,9.22963182795699,120.80015563964844,4.8023816331046065,14592.677602563286,1762797.7255888567,21.87828614865157,0.8660254037844387,-0.4999999999999998,9.299527908586175
R7,2026-01-02T02:15:00+00:00,2026-01-02T07:45:00+05:30,MH,Fermi Solar 132kV,20.4,75.0,87,92,20.408586502075195,74.98617553710938,75,2026-01-02T02:15:00+00:00,2026-01-02T07:45:00+05:30,0.0,73.50544738769531,0.8195732235908508,89.68746948242188,82.66576385498047,1.0,2026-01-02 07:45:00,73.50544738769531,80.0,82.65030020863743,0.12792495472381127,1,7.75,0.06659976344086022,5.327981075268817,73.50544738769531,4.310872242010352,5403.050795665244,397153.66599381686,9.403181029024415,0.8968727415326884,-0.44228869021900113,5.282664126170784
R8,2026-01-02T05:00:00+00:00,2026-01-02T10:30:00+05:30,MH,Fermi Solar 132kV,20.4,75.0,87,92,20.408586502075195,74.98617553710938,180,2026-01-02T05:00:00+00:00,2026-01-02T10:30:00+05:30,527.2578735351562,396.8182678222656,0.6572462320327759,603.7589111328125,52.823974609375,1.0,2026-01-02 10:30:00,396.8182678222656,80.0,52.80936330891753,0.6044689374168357,1,10.5,0.6746276129032258,53.97020903225807,396.8182678222656,5.985995287492848,157464.73767746333,62484884.448258445,239.86431669811424,0.3826834323650899,-0.9238795325112867,104.26552424457182
R8,2026-01-02T04:45:00+00:00,2026-01-02T10:15:00+05:30,MH,Fermi Solar 132kV,20.4,75.0,87,92,20.408586502075195,74.98617553710938,165,2026-01-02T04:45:00+00:00,2026-01-02T10:15:00+05:30,506.4665832519531,391.9032287597656,0.6872507333755493,570.247802734375,54.99759292602539,1.0,2026-01-02 10:15:00,391.9032287597656,80.0,54.98269818228733,0.573823772557547,1,10.25,0.6404122473118279,51.23297978494623,391.9032287597656,5.973563344295386,153588.1407123292,60191688.24437102,224.88338920441208,0.4422886902190017,-0.8968727415326881,98.88047891047805
R8,2026-01-02T04:30:00+00:00,2026-01-02T10:00:00+05:30,MH,Fermi Solar 132kV,20.4,75.0,87,92,20.408586502075195,74.98617553710938,150,2026-01-02T04:30:00+00:00,2026-01-02T10:00:00+05:30,452.5719299316406,377.8694152832031,0.7083674669265747,533.43701171875,57.321773529052734,1.0,2026-01-02 10:00:00,377.8694152832031,80.0,57.306663188004634,0.540142453690657,1,10.0,0.6007297849462366,48.05838279569893,377.8694152832031,5.937191595007245,142785.29500646982,53954195.93513442,204.1033131457232,0.49999999999999994,-0.8660254037844387,93.13375254509015
R8,2026-01-02T04:15:00+00:00,2026-01-02T09:45:00+05:30,MH,Fermi Solar 132kV,20.4,75.0,87,92,20.408586502075195,74.98617553710938,135,2026-01-02T04:15:00+00:00,2026-01-02T09:45:00+05:30,425.743896484375,354.03533935546875,0.7174060940742493,493.49365234375,59.77885818481445,1.0,2026-01-02 09:45:00,354.03533935546875,80.0,59.76358404561546,0.5035691593063871,1,9.75,0.5506028548387097,44.04822838709678,354.03533935546875,5.872217332001088,125341.02151254192,44375151.08635389,178.28127820398487,0.5555702330196025,-0.831469612302545,86.18194698110366
R8,2026-01-02T04:00:00+00:00,2026-01-02T09:30:00+05:30,MH,Fermi Solar 132kV,20.4,75.0,87,92,20.408586502075195,74.98617553710938,120,2026-01-02T04:00:00+00:00,2026-01-02T09:30:00+05:30,365.0740051269531,321.1850891113281,0.7127910256385803,450.60205078125,62.35301971435547,1.0,2026-01-02 09:30:00,321.1850891113281,80.0,62.3376303842594,0.4642604419057578,1,9.5,0.4938723172043011,39.509785376344084,321.1850891113281,5.775126191308646,103159.86146745179,33133409.29813577,149.1135314043654,0.6087614290087209,-0.793353340291235,78.36230896030283
R8,2026-01-02T03:45:00+00:00,2026-01-02T09:15:00+05:30,MH,Fermi Solar 132kV,20.4,75.0,87,92,20.408586502075195,74.98617553710938,105,2026-01-02T03:45:00+00:00,2026-01-02T09:15:00+05:30,334.0277099609375,284.903564453125,0.7035265564918518,404.96490478515625,65.03024291992188,1.0,2026-01-02 09:15:00,284.903564453125,80.0,65.01477327166685,0.4223845632723268,1,9.25,0.4368750053763441,34.95000043010753,284.903564453125,5.655654566732622,81170.04103809595,23125634.01855997,120.33886764626241,0.659345815100069,-0.7518398074789773,70.17606418663333
R8,2026-01-02T03:30:00+00:00,2026-01-02T09:00:00+05:30,MH,Fermi Solar 132kV,20.4,75.0,87,92,20.408586502075195,74.98617553710938,90,2026-01-02T03:30:00+00:00,2026-01-02T09:00:00+05:30,269.15460205078125,245.8578338623047,0.6890496611595154,356.80712890625,67.79818725585938,1.0,2026-01-02 09:00:00,245.8578338623047,80.0,67.78267310922793,0.37812076325774163,1,9.0,0.37742552688172043,30.194042150537634,245.8578338623047,5.508812599515495,60446.07447146461,14861140.935033843,92.96395179290968,0.7071067811865476,-0.7071067811865475,60.64156197416777
R8,2026-01-02T03:15:00+00:00,2026-01-02T08:45:00+05:30,MH,Fermi Solar 132kV,20.4,75.0,87,92,20.408586502075195,74.98617553710938,75,2026-01-02T03:15:00+00:00,2026-01-02T08:45:00+05:30,236.1483612060547,205.64892578125,0.6712207794189453,306.3804626464844,70.64607238769531,1.0,2026-01-02 08:45:00,205.64892578125,80.0,70.63052954797806,0.33165849692575944,1,8.75,0.3122449516129032,24.97959612903226,205.64892578125,5.331021342692355,42291.48067498207,8697197.570508556,68.20521361900643,0.7518398074789774,-0.6593458151000688,29.38453046505559
R9,2026-01-02T06:00:00+00:00,2026-01-02T11:30:00+05:30,MH,Fermi Solar 132kV,20.4,75.0,87,92,20.408586502075195,74.98617553710938,180,2026-01-02T06:00:00+00:00,2026-01-02T11:30:00+05:30,632.8867797851562,629.2021484375,0.8962354063987732,702.0501098632812,46.04348373413086,1.0,2026-01-02 11:30:00,629.2021484375,80.0,46.03088114222649,0.6942705615343544,1,11.5,0.7928956290322581,63.431650322580644,629.2021484375,6.4460406384533515,395895.3435983658,249098200.748494,436.83652891432536,0.130526192220052,-0.9914448613738104,88.22343116479196
R9,2026-01-02T05:45:00+00:00,2026-01-02T11:15:00+05:30,MH,Fermi Solar 132kV,20.4,75.0,87,92,20.408586502075195,74.98617553710938,165,2026-01-02T05:45:00+00:00,2026-01-02T11:15:00+05:30,626.00830078125,609.6824340820312,0.892556369304657,683.074462890625,47.4079704284668,1.0,2026-01-02 11:15:00,609.6824340820312,80.0,47.394712668363624,0.6769438948302433,1,11.25,0.7747896505376344,61.983172043010754,609.6824340820312,6.414577076235962,371712.6704281904,226626685.685791,412.7208015370733,0.19509032201612816,-0.9807852804032304,88.33499480413494
R9,2026-01-02T05:30:00+00:00,2026-01-02T11:00:00+05:30,MH,Fermi Solar 132kV,20.4,75.0,87,92,20.408586502075195,74.98617553710938,150,2026-01-02T05:30:00+00:00,2026-01-02T11:00:00+05:30,588.2623901367188,586.2955932617188,0.887925922870636,660.2978515625,49.00768661499024,1.0,2026-01-02 11:00:00,586.2955932617188,80.0,48.99388281454737,0.6561396018400086,1,11.0,0.7486082258064516,59.88865806451613,586.2955932617188,6.375528259114862,343742.52267811075,201534726.26284274,384.6917571232958,0.258819045102521,-0.9659258262890682,87.67759430673968
R9,2026-01-02T05:15:00+00:00,2026-01-02T10:45:00+05:30,MH,Fermi Solar 132kV,20.4,75.0,87,92,20.408586502075195,74.98617553710938,135,2026-01-02T05:15:00+00:00,2026-01-02T10:45:00+05:30,574.522705078125,558.647705078125,0.8813977241516113,633.8202514648438,50.82035446166992,1.0,2026-01-02 10:45:00,558.647705078125,80.0,50.8061027123578,0.6319467578639382,1,10.75,0.7115747043010752,56.92597634408601,558.647705078125,6.327307487689193,312087.2583890557,174346830.68316978,353.0356060122506,0.32143946530316175,-0.9469301294951056,85.73949399397294
R9,2026-01-02T05:00:00+00:00,2026-01-02T10:30:00+05:30,MH,Fermi Solar 132kV,20.4,75.0,87,92,20.408586502075195,74.98617553710938,120,2026-01-02T05:00:00+00:00,2026-01-02T10:30:00+05:30,527.2578735351562,526.69287109375,0.8723562359809875,603.7589111328125,52.823974609375,1.0,2026-01-02 10:30:00,526.69287109375,80.0,52.80936330891753,0.6044689374168357,1,10.5,0.6746276129032258,53.97020903225807,526.69287109375,6.268514430928196,277405.38046097755,146107436.29184633,318.3694801350615,0.3826834323650899,-0.9238795325112867,84.59016370661583
R9,2026-01-02T04:45:00+00:00,2026-01-02T10:15:00+05:30,MH,Fermi Solar 132kV,20.4,75.0,87,92,20.408586502075195,74.98617553710938,105,2026-01-02T04:45:00+00:00,2026-01-02T10:15:00+05:30,506.4665832519531,490.9822082519531,0.8609979748725891,570.247802734375,54.99759292602539,1.0,2026-01-02 10:15:00,490.9822082519531,80.0,54.98269818228733,0.573823772557547,1,10.25,0.6404122473118279,51.23297978494623,490.9822082519531,6.198442553748918,241063.52881996427,118357903.7090344,281.7372629977709,0.4422886902190017,-0.8968727415326881,84.52465572317132
R9,2026-01-02T04:30:00+00:00,2026-01-02T10:00:00+05:30,MH,Fermi Solar 132kV,20.4,75.0,87,92,20.408586502075195,74.98617553710938,90,2026-01-02T04:30:00+00:00,2026-01-02T10:00:00+05:30,452.5719299316406,451.4596557617188,0.8463223576545715,533.43701171875,57.321773529052734,1.0,2026-01-02 10:00:00,451.4596557617188,80.0,57.306663188004634,0.540142453690657,1,10.0,0.6007297849462366,48.05838279569893,451.4596557617188,6.114698600627484,203815.82078048965,92014620.28835203,243.85252620547416,0.49999999999999994,-0.8660254037844387,83.56905154084238
R9,2026-01-02T04:15:00+00:00,2026-01-02T09:45:00+05:30,MH,Fermi Solar 132kV,20.4,75.0,87,92,20.408586502075195,74.98617553710938,75,2026-01-02T04:15:00+00:00,2026-01-02T09:45:00+05:30,425.743896484375,412.6556091308594,0.8361923098564148,493.49365234375,59.77885818481445,1.0,2026-01-02 09:45:00,412.6556091308594,80.0,59.76358404561546,0.5035691593063871,1,9.75,0.5506028548387097,44.04822838709678,412.6556091308594,6.025033765633363,170284.6517471606,70268916.6923608,207.80063817309195,0.5555702330196025,-0.831469612302545,79.51535694386314
R10,2026-01-02T05:15:00+00:00,2026-01-02T10:45:00+05:30,MH,Fermi Solar 132kV,20.4,75.0,87,92,20.408586502075195,74.98617553710938,75,2026-01-02T05:15:00+00:00,2026-01-02T10:45:00+05:30,574.522705078125,553.6698608398438,0.8735439777374268,633.8202514648438,50.82035446166992,1.0,2026-01-02 10:45:00,553.6698608398438,80.0,50.8061027123578,0.6319467578639382,1,10.75,0.7115747043010752,56.92597634408601,553.6698608398438,6.318373091422143,306550.31480241194,169727670.13706172,349.8898734847171,0.32143946530316175,-0.9469301294951056,86.92911859331616
R10,2026-01-02T05:30:00+00:00,2026-01-02T11:00:00+05:30,MH,Fermi Solar 132kV,20.4,75.0,87,92,20.408586502075195,74.98617553710938,90,2026-01-02T05:30:00+00:00,2026-01-02T11:00:00+05:30,588.2623901367188,579.82080078125,0.8781200647354126,660.2978515625,49.00768661499024,1.0,2026-01-02 11:00:00,579.82080078125,80.0,48.99388281454737,0.6561396018400086,1,11.0,0.7486082258064516,59.88865806451613,579.82080078125,6.364442276886583,336192.16101861,194931208.0181894,380.44338936316433,0.258819045102521,-0.9659258262890682,89.18374771453949
R10,2026-01-02T05:45:00+00:00,2026-01-02T11:15:00+05:30,MH,Fermi Solar 132kV,20.4,75.0,87,92,20.408586502075195,74.98617553710938,105,2026-01-02T05:45:00+00:00,2026-01-02T11:15:00+05:30,626.00830078125,605.3585815429688,0.8862262964248657,683.074462890625,47.4079704284668,1.0,2026-01-02 11:15:00,605.3585815429688,80.0,47.394712668363624,0.6769438948302433,1,11.25,0.7747896505376344,61.983172043010754,605.3585815429688,6.407471529790593,366459.01224771515,221839107.84791425,409.7937959586087,0.19509032201612816,-0.9807852804032304,89.30490793849832
R10,2026-01-02T06:00:00+00:00,2026-01-02T11:30:00+05:30,MH,Fermi Solar 132kV,20.4,75.0,87,92,20.408586502075195,74.98617553710938,120,2026-01-02T06:00:00+00:00,2026-01-02T11:30:00+05:30,632.8867797851562,626.2930908203125,0.892091691493988,702.0501098632812,46.04348373413086,1.0,2026-01-02 11:30:00,626.2930908203125,80.0,46.03088114222649,0.6942705615343544,1,11.5,0.7928956290322581,63.431650322580644,626.2930908203125,6.441413880886633,392243.0356092602,245659103.12446547,434.81685584890477,0.130526192220052,-0.9914448613738104,88.84825720241408
R10,2026-01-02T06:15:00+00:00,2026-01-02T11:45:00+05:30,MH,Fermi Solar 132kV,20.4,75.0,87,92,20.408586502075195,74.98617553710938,135,2026-01-02T06:15:00+00:00,2026-01-02T11:45:00+05:30,660.29296875,642.6864013671875,0.8961784243583679,717.14111328125,44.93572616577149,1.0,2026-01-02 11:45:00,642.6864013671875,80.0,44.92389352033749,0.7080454131549507,1,11.75,0.8086027043010753,64.68821634408602,642.6864013671875,6.46721165310478,413045.8105023056,265458925.55152005,455.0511585850988,0.06540312923014312,-0.9978589232386035,88.83522194447035
R10,2026-01-02T06:30:00+00:00,2026-01-02T12:00:00+05:30,MH,Fermi Solar 132kV,20.4,75.0,87,92,20.408586502075195,74.98617553710938,150,2026-01-02T06:30:00+00:00,2026-01-02T12:00:00+05:30,659.1326904296875,654.7284545898438,0.8990046977996826,728.281494140625,44.104103088378906,1.0,2026-01-02 12:00:00,654.7284545898438,80.0,44.09315252465344,0.7182094618619822,1,12.0,0.8167142956989247,65.33714365591398,654.7284545898438,6.485746762072773,428669.3492496051,280662020.56422794,470.23217103669896,1.2246467991473532e-16,-1.0,88.22358156976864
R10,2026-01-02T06:45:00+00:00,2026-01-02T12:15:00+05:30,MH,Fermi Solar 132kV,20.4,75.0,87,92,20.408586502075195,74.98617553710938,165,2026-01-02T06:45:00+00:00,2026-01-02T12:15:00+05:30,677.5768432617188,662.7263793945312,0.9011505842208862,735.4224853515625,43.56447219848633,1.0,2026-01-02 12:15:00,662.7263793945312,80.0,43.55450864900925,0.7247191730112698,1,12.25,0.814882059139785,65.1905647311828,662.7263793945312,6.497869985323354,439206.2539453842,291073570.4846595,480.29051360755767,-0.06540312923014287,-0.9978589232386035,86.49890495255502
R10,2026-01-02T07:00:00+00:00,2026-01-02T12:30:00+05:30,MH,Fermi Solar 132kV,20.4,75.0,87,92,20.408586502075195,74.98617553710938,180,2026-01-02T07:00:00+00:00,2026-01-02T12:30:00+05:30,666.1337280273438,665.2415771484375,0.9007613062858582,738.5325927734375,43.3277702331543,1.0,2026-01-02 12:30:00,665.2415771484375,80.0,43.31888617933008,0.7275466545549176,1,12.5,0.8188632419354839,65.50905935483871,665.2415771484375,6.501652333221436,442546.3559669405,294400235.8047413,483.99428392518286,-0.13052619222005177,-0.9914448613738104,86.72018782634566
R11,2026-01-02T08:00:00+00:00,2026-01-02T13:30:00+05:30,MH,Fermi Solar 132kV,20.4,75.0,87,92,20.408586502075195,74.98617553710938,180,2026-01-02T08:00:00+00:00,2026-01-02T13:30:00+05:30,623.2584228515625,634.1383666992188,0.8923243284225464,710.6590576171875,45.41410446166992,1.0,2026-01-02 13:30:00,634.1383666992188,80.0,45.4100070159012,0.7020286831097563,1,13.5,0.787511258064516,63.00090064516128,634.1383666992188,6.453842875469597,402131.4681199528,255006992.39194584,445.1833224832243,-0.38268343236508967,-0.9238795325112868,85.15666939152071
R11,2026-01-02T07:45:00+00:00,2026-01-02T13:15:00+05:30,MH,Fermi Solar 132kV,20.4,75.0,87,92,20.408586502075195,74.98617553710938,165,2026-01-02T07:45:00+00:00,2026-01-02T13:15:00+05:30,654.5397338867188,649.8912963867188,0.8980973958969116,723.6312255859375,44.45272445678711,1.0,2026-01-02 13:15:00,649.8912963867188,80.0,44.447413107395484,0.7138934532781724,1,13.25,0.8005428655913979,64.04342924731183,649.8912963867188,6.478342648829267,422358.6971192099,274487241.21100885,463.95314183294295,-0.32143946530316153,-0.9469301294951057,85.21800547480635
R11,2026-01-02T07:30:00+00:00,2026-01-02T13:00:00+05:30,MH,Fermi Solar 132kV,20.4,75.0,87,92,20.408586502075195,74.98617553710938,150,2026-01-02T07:30:00+00:00,2026-01-02T13:00:00+05:30,654.146728515625,660.195556640625,0.9011381268501282,732.6241455078125,43.77655792236328,1.0,2026-01-02 13:00:00,660.195556640625,80.0,43.770026492962884,0.7221222145978714,1,13.0,0.8119582311827956,64.95665849462365,660.195556640625,6.494049645780043,435858.1730080247,287751629.1453987,476.74187742900256,-0.2588190451025208,-0.9659258262890683,85.87294431097281
R11,2026-01-02T07:15:00+00:00,2026-01-02T12:45:00+05:30,MH,Fermi Solar 132kV,20.4,75.0,87,92,20.408586502075195,74.98617553710938,135,2026-01-02T07:15:00+00:00,2026-01-02T12:45:00+05:30,675.3150634765625,665.5785522460938,0.902358889579773,737.5985107421875,43.39896774291992,1.0,2026-01-02 12:45:00,665.5785522460938,80.0,43.39123476547405,0.7266797746288493,1,12.75,0.8146944731182796,65.17555784946236,665.5785522460938,6.502157990507674,442994.80921000615,294847843.7665304,483.6624723439872,-0.19509032201612792,-0.9807852804032305,85.72410516243063
R11,2026-01-02T07:00:00+00:00,2026-01-02T12:30:00+05:30,MH,Fermi Solar 132kV,20.4,75.0,87,92,20.408586502075195,74.98617553710938,120,2026-01-02T07:00:00+00:00,2026-01-02T12:30:00+05:30,666.1337280273438,667.48095703125,0.9037935137748718,738.5325927734375,43.3277702331543,1.0,2026-01-02 12:30:00,667.48095703125,80.0,43.31888617933008,0.7275466545549176,1,12.5,0.8188632419354839,65.50905935483871,667.48095703125,6.505007910019955,445530.8279993534,297383343.45993364,485.6235372672007,-0.13052619222005177,-0.9914448613738104,86.30016524841616
R11,2026-01-02T06:45:00+00:00,2026-01-02T12:15:00+05:30,MH,Fermi Solar 132kV,20.4,75.0,87,92,20.408586502075195,74.98617553710938,105,2026-01-02T06:45:00+00:00,2026-01-02T12:15:00+05:30,677.5768432617188,664.9378051757812,0.90415757894516,735.4224853515625,43.56447219848633,1.0,2026-01-02 12:15:00,664.9378051757812,80.0,43.55450864900925,0.7247191730112698,1,12.25,0.814882059139785,65.1905647311828,664.9378051757812,6.50119628055773,442142.2847519852,293997120.39839035,481.893176270921,-0.06540312923014287,-0.9978589232386035,86.0774506771256
R11,2026-01-02T06:30:00+00:00,2026-01-02T12:00:00+05:30,MH,Fermi Solar 132kV,20.4,75.0,87,92,20.408586502075195,74.98617553710938,90,2026-01-02T06:30:00+00:00,2026-01-02T12:00:00+05:30,659.1326904296875,657.030517578125,0.9021655917167664,728.281494140625,44.104103088378906,1.0,2026-01-02 12:00:00,657.030517578125,80.0,44.09315252465344,0.7182094618619822,1,12.0,0.8167142956989247,65.33714365591398,657.030517578125,6.489251309547893,431689.1010289788,283632913.48190546,471.8855344566848,1.2246467991473532e-16,-1.0,87.76933907589923
R11,2026-01-02T06:15:00+00:00,2026-01-02T11:45:00+05:30,MH,Fermi Solar 132kV,20.4,75.0,87,92,20.408586502075195,74.98617553710938,75,2026-01-02T06:15:00+00:00,2026-01-02T11:45:00+05:30,660.29296875,647.0729370117188,0.902295172214508,717.14111328125,44.93572616577149,1.0,2026-01-02 11:45:00,647.0729370117188,80.0,44.92389352033749,0.7080454131549507,1,11.75,0.8086027043010753,64.68821634408602,647.0729370117188,6.474003247135047,418703.38581297174,270931629.59475046,458.15702502784984,0.06540312923014312,-0.9978589232386035,87.93740254889329
R12,2026-01-02T09:00:00+00:00,2026-01-02T14:30:00+05:30,MH,Fermi Solar 132kV,20.4,75.0,87,92,20.408586502075195,74.98617553710938,180,2026-01-02T09:00:00+00:00,2026-01-02T14:30:00+05:30,510.57135009765625,517.3319702148438,0.8339069485664368,620.371337890625,51.723480224609375,1.0,2026-01-02 14:30:00,517.3319702148438,80.0,51.72379252137758,0.6194530938305542,1,14.5,0.6669764677419355,53.35811741935484,517.3319702148438,6.250615906131176,267632.367406372,138454779.92360136,320.4628894870411,-0.6087614290087207,-0.7933533402912352,82.35154712157743
R12,2026-01-02T08:45:00+00:00,2026-01-02T14:15:00+05:30,MH,Fermi Solar 132kV,20.4,75.0,87,92,20.408586502075195,74.98617553710938,165,2026-01-02T08:45:00+00:00,2026-01-02T14:15:00+05:30,561.3951416015625,549.3865356445312,0.8471378684043884,648.5208129882812,49.81985092163086,1.0,2026-01-02 14:15:00,549.3865356445312,80.0,49.81915195389473,0.6452023416543157,1,14.25,0.7083610376344086,56.66888301075269,549.3865356445312,6.310620823464774,301825.5655474998,165818901.82509232,354.4654792712037,-0.555570233019602,-0.8314696123025455,84.77833401130712
R12,2026-01-02T08:30:00+00:00,2026-01-02T14:00:00+05:30,MH,Fermi Solar 132kV,20.4,75.0,87,92,20.408586502075195,74.98617553710938,150,2026-01-02T08:30:00+00:00,2026-01-02T14:00:00+05:30,574.7322387695312,578.159423828125,0.8590507507324219,673.021240234375,48.11894607543945,1.0,2026-01-02 14:00:00,578.159423828125,80.0,48.11716865882066,0.6676094928166834,1,14.0,0.7420599892473118,59.36479913978494,578.159423828125,6.361577783072138,334268.3193612695,193260378.92590722,385.9847197090804,-0.4999999999999997,-0.8660254037844388,86.24753888257723
R12,2026-01-02T08:15:00+00:00,2026-01-02T13:45:00+05:30,MH,Fermi Solar 132kV,20.4,75.0,87,92,20.408586502075195,74.98617553710938,135,2026-01-02T08:15:00+00:00,2026-01-02T13:45:00+05:30,616.4065551757812,602.4934692382812,0.8684409856796265,693.764404296875,46.643028259277344,1.0,2026-01-02 13:45:00,602.4934692382812,80.0,46.64011321364634,0.6865786619710975,1,13.75,0.7653159569892474,61.225276559139786,602.4934692382812,6.402735219001455,362998.38047477975,218704153.58012763,413.6591599559437,-0.44228869021900147,-0.8968727415326883,86.58749803253338
R12,2026-01-02T08:00:00+00:00,2026-01-02T13:30:00+05:30,MH,Fermi Solar 132kV,20.4,75.0,87,92,20.408586502075195,74.98617553710938,120,2026-01-02T08:00:00+00:00,2026-01-02T13:30:00+05:30,623.2584228515625,624.0272216796875,0.8780965209007263,710.6590576171875,45.41410446166992,1.0,2026-01-02 13:30:00,624.0272216796875,80.0,45.4100070159012,0.7020286831097563,1,13.5,0.787511258064516,63.00090064516128,624.0272216796875,6.4377952034754236,389409.97339726985,243002423.79345933,438.08500866043096,-0.38268343236508967,-0.9238795325112868,87.19780920595014
R12,2026-01-02T07:45:00+00:00,2026-01-02T13:15:00+05:30,MH,Fermi Solar 132kV,20.4,75.0,87,92,20.408586502075195,74.98617553710938,105,2026-01-02T07:45:00+00:00,2026-01-02T13:15:00+05:30,654.5397338867188,641.0062866210938,0.8858190178871155,723.6312255859375,44.45272445678711,1.0,2026-01-02 13:15:00,641.0062866210938,80.0,44.447413107395484,0.7138934532781724,1,13.25,0.8005428655913979,64.04342924731183,641.0062866210938,6.4645980958867115,410889.0594877638,263382470.23548517,457.6101915289506,-0.32143946530316153,-0.9469301294951057,86.94639616218845
R12,2026-01-02T07:30:00+00:00,2026-01-02T13:00:00+05:30,MH,Fermi Solar 132kV,20.4,75.0,87,92,20.408586502075195,74.98617553710938,90,2026-01-02T07:30:00+00:00,2026-01-02T13:00:00+05:30,654.146728515625,653.4664306640625,0.89195317029953,732.6241455078125,43.77655792236328,1.0,2026-01-02 13:00:00,653.4664306640625,80.0,43.770026492962884,0.7221222145978714,1,13.0,0.8119582311827956,64.95665849462365,653.4664306640625,6.483820293987306,427018.37600483,279042173.9958408,471.8826260764992,-0.2588190451025208,-0.9659258262890683,87.15066563830416
R12,2026-01-02T07:15:00+00:00,2026-01-02T12:45:00+05:30,MH,Fermi Solar 132kV,20.4,75.0,87,92,20.408586502075195,74.98617553710938,75,2026-01-02T07:15:00+00:00,2026-01-02T12:45:00+05:30,675.3150634765625,664.2171020507812,0.9005131125450134,737.5985107421875,43.39896774291992,1.0,2026-01-02 12:45:00,664.2171020507812,80.0,43.39123476547405,0.7266797746288493,1,12.75,0.8146944731182796,65.17555784946236,664.2171020507812,6.50011345662566,441184.35865673795,293042196.17711097,482.6731340228891,-0.19509032201612792,-0.9807852804032305,85.9778114586381
R13,2026-01-02T10:00:00+00:00,2026-01-02T15:30:00+05:30,MH,Fermi Solar 132kV,20.4,75.0,87,92,20.408586502075195,74.98617553710938,180,2026-01-02T10:00:00+00:00,2026-01-02T15:30:00+05:30,341.4943542480469,353.1073913574219,0.7449118494987488,474.0257263183594,60.95485305786133,1.0,2026-01-02 15:30:00,353.1073913574219,80.0,60.95848777931613,0.48544317672654563,1,15.5,0.5003921774193548,40.03137419354839,353.1073913574219,5.8696002325442365,124684.82983124349,44027135.00355445,171.41357378617045,-0.7933533402912349,-0.6087614290087209,76.13220337615552
R13,2026-01-02T09:45:00+00:00,2026-01-02T15:15:00+05:30,MH,Fermi Solar 132kV,20.4,75.0,87,92,20.408586502075195,74.98617553710938,165,2026-01-02T09:45:00+00:00,2026-01-02T15:15:00+05:30,406.5485229492188,398.3732604980469,0.7730028033256531,515.3580932617188,58.44165802001953,1.0,2026-01-02 15:15:00,398.3732604980469,80.0,58.44456331640362,0.5233232942715104,1,15.25,0.5550173279569892,44.401386236559134,398.3732604980469,5.9898964695618675,158701.25467984471,63222336.271940656,208.47800703352044,-0.7518398074789773,-0.6593458151000691,80.42105150718868
R13,2026-01-02T09:30:00+00:00,2026-01-02T15:00:00+05:30,MH,Fermi Solar 132kV,20.4,75.0,87,92,20.408586502075195,74.98617553710938,150,2026-01-02T09:30:00+00:00,2026-01-02T15:00:00+05:30,431.8683471679688,440.9552612304688,0.7964653372764587,553.6402587890625,56.05385208129883,1.0,2026-01-02 15:00:00,440.9552612304688,80.0,56.05596225520216,0.558382894637616,1,15.0,0.6017752311827957,48.142018494623656,440.9552612304688,6.091208658019125,194441.542406831,85740021.12605944,246.22187517155533,-0.7071067811865471,-0.7071067811865479,82.84614475570628
R13,2026-01-02T09:15:00+00:00,2026-01-02T14:45:00+05:30,MH,Fermi Solar 132kV,20.4,75.0,87,92,20.408586502075195,74.98617553710938,135,2026-01-02T09:15:00+00:00,2026-01-02T14:45:00+05:30,490.0900573730469,480.0053405761719,0.81536865234375,588.6973266601562,53.80824661254883,1.0,2026-01-02 14:45:00,480.0053405761719,80.0,53.80949452199057,0.5904719375778168,1,14.75,0.6385803548387097,51.086428387096774,480.0053405761719,6.175878373113087,230405.12698164675,110595691.44732147,283.42968349771206,-0.6593458151000688,-0.7518398074789775,83.43072164932312
R13,2026-01-02T09:00:00+00:00,2026-01-02T14:30:00+05:30,MH,Fermi Solar 132kV,20.4,75.0,87,92,20.408586502075195,74.98617553710938,120,2026-01-02T09:00:00+00:00,2026-01-02T14:30:00+05:30,510.57135009765625,517.830078125,0.834709882736206,620.371337890625,51.723480224609375,1.0,2026-01-02 14:30:00,517.830078125,80.0,51.72379252137758,0.6194530938305542,1,14.5,0.6669764677419355,53.35811741935484,517.830078125,6.251576427101356,268147.9898109436,138855094.51286262,320.77144397304886,-0.6087614290087207,-0.7933533402912352,82.23683675609836
R13,2026-01-02T08:45:00+00:00,2026-01-02T14:15:00+05:30,MH,Fermi Solar 132kV,20.4,75.0,87,92,20.408586502075195,74.98617553710938,105,2026-01-02T08:45:00+00:00,2026-01-02T14:15:00+05:30,561.3951416015625,550.8829345703125,0.8494452834129333,648.5208129882812,49.81985092163086,1.0,2026-01-02 14:15:00,550.8829345703125,80.0,49.81915195389473,0.6452023416543157,1,14.25,0.7083610376344086,56.66888301075269,550.8829345703125,6.313335948732219,303472.0076007992,167177550.10707244,355.4309593621668,-0.555570233019602,-0.8314696123025455,84.43864259727124
R13,2026-01-02T08:30:00+00:00,2026-01-02T14:00:00+05:30,MH,Fermi Solar 132kV,20.4,75.0,87,92,20.408586502075195,74.98617553710938,90,2026-01-02T08:30:00+00:00,2026-01-02T14:00:00+05:30,574.7322387695312,580.30517578125,0.8622390627861023,673.021240234375,48.11894607543945,1.0,2026-01-02 14:00:00,580.30517578125,80.0,48.11716865882066,0.6676094928166834,1,14.0,0.7420599892473118,59.36479913978494,580.30517578125,6.36527587847164,336754.09703850746,195420145.47698718,387.4172440822166,-0.4999999999999997,-0.8660254037844388,85.77389335740469
R13,2026-01-02T08:15:00+00:00,2026-01-02T13:45:00+05:30,MH,Fermi Solar 132kV,20.4,75.0,87,92,20.408586502075195,74.98617553710938,75,2026-01-02T08:15:00+00:00,2026-01-02T13:45:00+05:30,616.4065551757812,608.64794921875,0.877312183380127,693.764404296875,46.643028259277344,1.0,2026-01-02 13:45:00,608.64794921875,80.0,46.64011321364634,0.6865786619710975,1,13.75,0.7653159569892474,61.225276559139786,608.64794921875,6.4128816581340535,370452.3260881901,225475048.55689254,417.88469458606187,-0.44228869021900147,-0.8968727415326883,85.2815921410739
R14,2026-01-02T11:00:00+00:00,2026-01-02T16:30:00+05:30,MH,Fermi Solar 132kV,20.4,75.0,87,92,20.408586502075195,74.98617553710938,180,2026-01-02T11:00:00+00:00,2026-01-02T16:30:00+05:30,145.99288940429688,146.68968200683594,0.5194892287254333,282.3728942871094,71.98745727539062,1.0,2026-01-02 16:30:00,146.68968200683594,80.0,71.99343287178141,0.3091260005500055,1,16.5,0.26295283333333336,21.036226666666668,146.68968200683594,4.9951133293235435,21517.862807266647,3156448.4526646663,45.345594720725295,-0.9238795325112868,-0.3826834323650895,16.899921041289968
R14,2026-01-02T10:45:00+00:00,2026-01-02T16:15:00+05:30,MH,Fermi Solar 132kV,20.4,75.0,87,92,20.408586502075195,74.98617553710938,165,2026-01-02T10:45:00+00:00,2026-01-02T16:15:00+05:30,212.0721130371093,195.92665100097656,0.5870344042778015,333.7566833496094,69.10563659667969,1.0,2026-01-02 16:15:00,195.92665100097656,80.0,69.11109954435234,0.3565570151780888,1,16.25,0.3264215537634409,26.113724301075273,195.92665100097656,5.282831329461703,38387.25257245847,7521085.837650411,69.85902187474731,-0.8968727415326883,-0.44228869021900136,17.249787876073626
R14,2026-01-02T10:30:00+00:00,2026-01-02T16:00:00+05:30,MH,Fermi Solar 132kV,20.4,75.0,87,92,20.408586502075195,74.98617553710938,150,2026-01-02T10:30:00+00:00,2026-01-02T16:00:00+05:30,244.06494140625,245.94992065429688,0.6421656012535095,383.0007629394531,66.29925537109375,1.0,2026-01-02 16:00:00,245.94992065429688,80.0,66.30416427930192,0.40188122488476397,1,16.0,0.38815817204301073,31.05265376344086,245.94992065429688,5.509185565683877,60491.36346985493,14877846.045681052,98.84265537285934,-0.8660254037844384,-0.5000000000000004,60.742103027444244
R14,2026-01-02T10:15:00+00:00,2026-01-02T15:45:00+05:30,MH,Fermi Solar 132kV,20.4,75.0,87,92,20.408586502075195,74.98617553710938,135,2026-01-02T10:15:00+00:00,2026-01-02T15:45:00+05:30,311.9140625,294.6377868652344,0.6854657530784607,429.83587646484375,63.578460693359375,1.0,2026-01-02 15:45:00,294.6377868652344,80.0,63.58276124207508,0.4449046546159926,1,15.75,0.44672972043010756,35.73837763440861,294.6377868652344,5.689135011977539,86811.42544884328,25577926.26886347,131.08572280209754,-0.8314696123025452,-0.5555702330196022,71.693538745593
R14,2026-01-02T10:00:00+00:00,2026-01-02T15:30:00+05:30,MH,Fermi Solar 132kV,20.4,75.0,87,92,20.408586502075195,74.98617553710938,120,2026-01-02T10:00:00+00:00,2026-01-02T15:30:00+05:30,341.4943542480469,342.3223876953125,0.7221599221229553,474.0257263183594,60.95485305786133,1.0,2026-01-02 15:30:00,342.3223876953125,80.0,60.95848777931613,0.48544317672654563,1,15.5,0.5003921774193548,40.03137419354839,342.3223876953125,5.838669911548288,117184.61711741984,40114917.93279615,166.17806734742865,-0.7933533402912349,-0.6087614290087209,77.46235792454289
R14,2026-01-02T09:45:00+00:00,2026-01-02T15:15:00+05:30,MH,Fermi Solar 132kV,20.4,75.0,87,92,20.408586502075195,74.98617553710938,105,2026-01-02T09:45:00+00:00,2026-01-02T15:15:00+05:30,406.5485229492188,388.6370849609375,0.7541107535362244,515.3580932617188,58.44165802001953,1.0,2026-01-02 15:15:00,388.6370849609375,80.0,58.44456331640362,0.5233232942715104,1,15.25,0.5550173279569892,44.401386236559134,388.6370849609375,5.965215754509759,151038.78380693495,58699272.65477245,203.38283957783466,-0.7518398074789773,-0.6593458151000691,82.00634875612207
R14,2026-01-02T09:30:00+00:00,2026-01-02T15:00:00+05:30,MH,Fermi Solar 132kV,20.4,75.0,87,92,20.408586502075195,74.98617553710938,90,2026-01-02T09:30:00+00:00,2026-01-02T15:00:00+05:30,431.8683471679688,430.6336364746094,0.7778221368789673,553.6402587890625,56.05385208129883,1.0,2026-01-02 15:00:00,430.6336364746094,80.0,56.05596225520216,0.558382894637616,1,15.0,0.6017752311827957,48.142018494623656,430.6336364746094,6.067577164718453,185445.32886334602,79858996.33565253,240.45845646301524,-0.7071067811865471,-0.7071067811865479,84.82607993644284
R14,2026-01-02T09:15:00+00:00,2026-01-02T14:45:00+05:30,MH,Fermi Solar 132kV,20.4,75.0,87,92,20.408586502075195,74.98617553710938,75,2026-01-02T09:15:00+00:00,2026-01-02T14:45:00+05:30,490.0900573730469,473.7221984863281,0.8046956658363342,588.6973266601562,53.80824661254883,1.0,2026-01-02 14:45:00,473.7221984863281,80.0,53.80949452199057,0.5904719375778168,1,14.75,0.6385803548387097,51.086428387096774,473.7221984863281,6.162729787653983,224412.72133872006,106309287.72087818,279.7196644138453,-0.6593458151000688,-0.7518398074789775,84.7880374160905
R15,2026-01-02T12:00:00+00:00,2026-01-02T17:30:00+05:30,MH,Fermi Solar 132kV,20.4,75.0,87,92,20.408586502075195,74.98617553710938,180,2026-01-02T12:00:00+00:00,2026-01-02T17:30:00+05:30,7.226701736450195,13.24190902709961,0.2047353684902191,64.67816925048828,84.1086196899414,1.0,2026-01-02 17:30:00,13.24190902709961,80.0,84.11624041554414,0.1025105854182698,1,17.5,0.04320079569892474,3.456063655913979,13.24190902709961,2.656188957890298,175.34815468198212,2321.944312368598,1.3574358464234524,-0.9914448613738104,-0.13052619222005163,3.433869491024633
R15,2026-01-02T11:45:00+00:00,2026-01-02T17:15:00+05:30,MH,Fermi Solar 132kV,20.4,75.0,87,92,20.408586502075195,74.98617553710938,165,2026-01-02T11:45:00+00:00,2026-01-02T17:15:00+05:30,36.48938751220703,34.2431755065918,0.2871192693710327,119.26464080810548,81.00274658203125,1.0,2026-01-02 17:15:00,34.2431755065918,80.0,81.0100086954902,0.15626192862260438,1,17.25,0.08036048924731183,6.428839139784946,34.2431755065918,3.562271907864987,1172.5950687752484,40153.37873823491,5.350904646822362,-0.9807852804032303,-0.19509032201612866,6.1393780328269925
R15,2026-01-02T11:30:00+00:00,2026-01-02T17:00:00+05:30,MH,Fermi Solar 132kV,20.4,75.0,87,92,20.408586502075195,74.98617553710938,150,2026-01-02T11:30:00+00:00,2026-01-02T17:00:00+05:30,59.08419036865234,67.10562133789062,0.3843875825405121,174.57801818847656,77.94322204589844,1.0,2026-01-02 17:00:00,67.10562133789062,80.0,77.95008859526017,0.20876369414447668,1,17.0,0.13232689784946236,10.58615182795699,67.10562133789062,4.221059755092262,4503.164415144362,302187.64606494125,14.009217408358467,-0.9659258262890683,-0.25881904510252063,9.856830442451765
R15,2026-01-02T11:15:00+00:00,2026-01-02T16:45:00+05:30,MH,Fermi Solar 132kV,20.4,75.0,87,92,20.408586502075195,74.98617553710938,135,2026-01-02T11:15:00+00:00,2026-01-02T16:45:00+05:30,115.75454711914062,107.704833984375,0.4699747860431671,229.1715087890625,74.9358901977539,1.0,2026-01-02 16:45:00,107.704833984375,80.0,74.94232813775363,0.2597911798737882,1,16.75,0.19523555376344087,15.61884430107527,107.704833984375,4.688636264015779,11600.33126360178,1249411.7529099847,27.98076589891126,-0.9469301294951056,-0.3214394653031618,13.970671079781185
R15,2026-01-02T11:00:00+00:00,2026-01-02T16:30:00+05:30,MH,Fermi Solar 132kV,20.4,75.0,87,92,20.408586502075195,74.98617553710938,120,2026-01-02T11:00:00+00:00,2026-01-02T16:30:00+05:30,145.99288940429688,151.78651428222656,0.5375392436981201,282.3728942871094,71.98745727539062,1.0,2026-01-02 16:30:00,151.78651428222656,80.0,71.99343287178141,0.3091260005500055,1,16.5,0.26295283333333336,21.036226666666668,151.78651428222656,5.029041615522243,23039.14591794857,3497031.650925002,46.92115809749099,-0.9238795325112868,-0.3826834323650895,16.548118910756113
R15,2026-01-02T10:45:00+00:00,2026-01-02T16:15:00+05:30,MH,Fermi Solar 132kV,20.4,75.0,87,92,20.408586502075195,74.98617553710938,105,2026-01-02T10:45:00+00:00,2026-01-02T16:15:00+05:30,212.0721130371093,197.14309692382807,0.5906791090965271,333.7566833496094,69.10563659667969,1.0,2026-01-02 16:15:00,197.14309692382807,80.0,69.11109954435234,0.3565570151780888,1,16.25,0.3264215537634409,26.113724301075273,197.14309692382807,5.288989481400672,38865.40066471787,7662045.450227886,70.2927542021248,-0.8968727415326883,-0.44228869021900136,17.35276275416487
R15,2026-01-02T10:30:00+00:00,2026-01-02T16:00:00+05:30,MH,Fermi Solar 132kV,20.4,75.0,87,92,20.408586502075195,74.98617553710938,90,2026-01-02T10:30:00+00:00,2026-01-02T16:00:00+05:30,244.06494140625,243.97325134277344,0.6370046138763428,383.0007629394531,66.29925537109375,1.0,2026-01-02 16:00:00,243.97325134277344,80.0,66.30416427930192,0.40188122488476397,1,16.0,0.38815817204301073,31.05265376344086,243.97325134277344,5.501149026391593,59522.9473707641,14522006.999550106,98.04826908875218,-0.8660254037844384,-0.5000000000000004,60.02007010264755
R15,2026-01-02T10:15:00+00:00,2026-01-02T15:45:00+05:30,MH,Fermi Solar 132kV,20.4,75.0,87,92,20.408586502075195,74.98617553710938,75,2026-01-02T10:15:00+00:00,2026-01-02T15:45:00+05:30,311.9140625,291.5332946777344,0.6782432794570923,429.83587646484375,63.578460693359375,1.0,2026-01-02 15:45:00,291.5332946777344,80.0,63.58276124207508,0.4449046546159926,1,15.75,0.44672972043010756,35.73837763440861,291.5332946777344,5.678578488152067,84991.6619056547,24777899.215491604,129.7045197776598,-0.8314696123025452,-0.5555702330196022,71.77286639942457
R16,2026-01-02T13:00:00+00:00,2026-01-02T18:30:00+05:30,MH,Fermi Solar 132kV,20.4,75.0,87,92,20.408586502075195,74.98617553710938,180,2026-01-02T13:00:00+00:00,2026-01-02T18:30:00+05:30,,0.0,0.0,0.0,96.90234375,0.0,2026-01-02 18:30:00,0.0,80.0,96.91116357843283,-0.12033026658480837,1,18.5,5.7471264367816094e-08,4.5977011494252875e-06,0.0,0.0,0.0,0.0,-0.0,-0.9914448613738105,0.13052619222005127,4.704340573014885e-06
R16,2026-01-02T12:45:00+00:00,2026-01-02T18:15:00+05:30,MH,Fermi Solar 132kV,20.4,75.0,87,92,20.408586502075195,74.98617553710938,165,2026-01-02T12:45:00+00:00,2026-01-02T18:15:00+05:30,,0.0,0.0,0.0,93.6562728881836,0.0,2026-01-02 18:15:00,0.0,80.0,93.66482519506144,-0.06391965960625365,1,18.25,1.769540229885056e-05,0.0014156321839080448,0.0,0.0,0.0,0.0,-0.0,-0.9978589232386036,0.06540312923014237,0.0014463978451695924
R16,2026-01-02T12:30:00+00:00,2026-01-02T18:00:00+05:30,MH,Fermi Solar 132kV,20.4,75.0,87,92,20.408586502075195,74.98617553710938,150,2026-01-02T12:30:00+00:00,2026-01-02T18:00:00+05:30,0.0,0.0,0.0,0.0,90.4395751953125,0.0,2026-01-02 18:00:00,0.0,80.0,90.44784548442873,-0.007816298652440379,1,18.0,inf,inf,0.0,0.0,0.0,0.0,-0.0,-1.0,-1.8369701987210297e-16,inf
R16,2026-01-02T12:15:00+00:00,2026-01-02T17:45:00+05:30,MH,Fermi Solar 132kV,20.4,75.0,87,92,20.408586502075195,74.98617553710938,135,2026-01-02T12:15:00+00:00,2026-01-02T17:45:00+05:30,1.5055742263793943,6.046034812927246,0.1403502523899078,43.07818984985352,87.2557144165039,1.0,2026-01-02 17:45:00,6.046034812927246,80.0,87.26367618443167,0.04773970759313905,1,17.75,0.01798484946236559,1.4387879569892472,6.046034812927246,1.9524650207139997,36.5545369591282,221.01000302532478,0.2886359340670859,-0.9978589232386035,-0.06540312923014273,1.475963728382254
R16,2026-01-02T12:00:00+00:00,2026-01-02T17:30:00+05:30,MH,Fermi Solar 132kV,20.4,75.0,87,92,20.408586502075195,74.98617553710938,120,2026-01-02T12:00:00+00:00,2026-01-02T17:30:00+05:30,7.226701736450195,13.880854606628418,0.2146142125129699,64.67816925048828,84.1086196899414,1.0,2026-01-02 17:30:00,13.880854606628418,80.0,84.11624041554414,0.1025105854182698,1,17.5,0.04320079569892474,3.456063655913979,13.880854606628418,2.7000754609968776,192.67812461035737,2674.5370335942034,1.4229345318313662,-0.9914448613738104,-0.13052619222005163,3.440445547510271
R16,2026-01-02T11:45:00+00:00,2026-01-02T17:15:00+05:30,MH,Fermi Solar 132kV,20.4,75.0,87,92,20.408586502075195,74.98617553710938,105,2026-01-02T11:45:00+00:00,2026-01-02T17:15:00+05:30,36.48938751220703,35.21522903442383,0.295269638299942,119.26464080810548,81.00274658203125,1.0,2026-01-02 17:15:00,35.21522903442383,80.0,81.0100086954902,0.15626192862260438,1,17.25,0.08036048924731183,6.428839139784946,35.21522903442383,3.589479721924511,1240.112355946927,43670.84064308996,5.5027996058058015,-0.9807852804032303,-0.19509032201612866,6.15930116151502
R16,2026-01-02T11:30:00+00:00,2026-01-02T17:00:00+05:30,MH,Fermi Solar 132kV,20.4,75.0,87,92,20.408586502075195,74.98617553710938,90,2026-01-02T11:30:00+00:00,2026-01-02T17:00:00+05:30,59.08419036865234,69.43158721923828,0.3977109491825104,174.57801818847656,77.94322204589844,1.0,2026-01-02 17:00:00,69.43158721923828,80.0,77.95008859526017,0.20876369414447668,1,17.0,0.13232689784946236,10.58615182795699,69.43158721923828,4.254641844627739,4820.745303782693,334711.9980213214,14.494794638202617,-0.9659258262890683,-0.25881904510252063,9.903320699269823
R16,2026-01-02T11:15:00+00:00,2026-01-02T16:45:00+05:30,MH,Fermi Solar 132kV,20.4,75.0,87,92,20.408586502075195,74.98617553710938,75,2026-01-02T11:15:00+00:00,2026-01-02T16:45:00+05:30,115.75454711914062,104.46809387207033,0.455851137638092,229.1715087890625,74.9358901977539,1.0,2026-01-02 16:45:00,104.46809387207033,80.0,74.94232813775363,0.2597911798737882,1,16.75,0.19523555376344087,15.61884430107527,104.46809387207033,4.6584084794227385,10913.582637263698,1140121.1754302608,27.13988936619081,-0.9469301294951056,-0.3214394653031618,13.993018670552342
R17,2026-01-02T14:00:00+00:00,2026-01-02T19:30:00+05:30,MH,Fermi Solar 132kV,20.4,75.0,87,92,20.408586502075195,74.98617553710938,180,2026-01-02T14:00:00+00:00,2026-01-02T19:30:00+05:30,,0.0,0.0,0.0,110.1243896484375,0.0,2026-01-02 19:30:00,0.0,80.0,110.13410465608803,-0.3442186187623583,1,19.5,0.0,0.0,0.0,0.0,0.0,0.0,-0.0,-0.923879532511287,0.38268343236508917,0.0
R17,2026-01-02T13:45:00+00:00,2026-01-02T19:15:00+05:30,MH,Fermi Solar 132kV,20.4,75.0,87,92,20.408586502075195,74.98617553710938,165,2026-01-02T13:45:00+00:00,2026-01-02T19:15:00+05:30,,0.0,0.0,0.0,106.7880401611328,0.0,2026-01-02 19:15:00,0.0,80.0,106.79755428384598,-0.28899093273307713,1,19.25,0.0,0.0,0.0,0.0,0.0,0.0,-0.0,-0.9469301294951057,0.3214394653031615,0.0
R17,2026-01-02T13:30:00+00:00,2026-01-02T19:00:00+05:30,MH,Fermi Solar 132kV,20.4,75.0,87,92,20.408586502075195,74.98617553710938,150,2026-01-02T13:30:00+00:00,2026-01-02T19:00:00+05:30,,0.0,0.0,0.0,103.47077941894533,0.0,2026-01-02 19:00:00,0.0,80.0,103.48007701577689,-0.23310723565568472,1,19.0,0.0,0.0,0.0,0.0,0.0,0.0,-0.0,-0.9659258262890684,0.2588190451025203,0.0
R17,2026-01-02T13:15:00+00:00,2026-01-02T18:45:00+05:30,MH,Fermi Solar 132kV,20.4,75.0,87,92,20.408586502075195,74.98617553710938,135,2026-01-02T13:15:00+00:00,2026-01-02T18:45:00+05:30,,0.0,0.0,0.0,100.17474365234376,0.0,2026-01-02 18:45:00,0.0,80.0,100.18381383536173,-0.176806696160989,1,18.75,5.882352941176471e-08,4.705882352941177e-06,0.0,0.0,0.0,0.0,-0.0,-0.9807852804032304,0.1950903220161283,4.816833383896772e-06
R17,2026-01-02T13:00:00+00:00,2026-01-02T18:30:00+05:30,MH,Fermi Solar 132kV,20.4,75.0,87,92,20.408586502075195,74.98617553710938,120,2026-01-02T13:00:00+00:00,2026-01-02T18:30:00+05:30,,0.0,0.0,0.0,96.90234375,0.0,2026-01-02 18:30:00,0.0,80.0,96.91116357843283,-0.12033026658480837,1,18.5,5.7471264367816094e-08,4.5977011494252875e-06,0.0,0.0,0.0,0.0,-0.0,-0.9914448613738105,0.13052619222005127,4.704340573014885e-06
R17,2026-01-02T12:45:00+00:00,2026-01-02T18:15:00+05:30,MH,Fermi Solar 132kV,20.4,75.0,87,92,20.408586502075195,74.98617553710938,105,2026-01-02T12:45:00+00:00,2026-01-02T18:15:00+05:30,,0.0,0.0,0.0,93.6562728881836,0.0,2026-01-02 18:15:00,0.0,80.0,93.66482519506144,-0.06391965960625365,1,18.25,1.769540229885056e-05,0.0014156321839080448,0.0,0.0,0.0,0.0,-0.0,-0.9978589232386036,0.06540312923014237,0.0014463978451695924
R17,2026-01-02T12:30:00+00:00,2026-01-02T18:00:00+05:30,MH,Fermi Solar 132kV,20.4,75.0,87,92,20.408586502075195,74.98617553710938,90,2026-01-02T12:30:00+00:00,2026-01-02T18:00:00+05:30,0.0,0.0,0.0,0.0,90.4395751953125,0.0,2026-01-02 18:00:00,0.0,80.0,90.44784548442873,-0.007816298652440379,1,18.0,inf,inf,0.0,0.0,0.0,0.0,-0.0,-1.0,-1.8369701987210297e-16,inf
R17,2026-01-02T12:15:00+00:00,2026-01-02T17:45:00+05:30,MH,Fermi Solar 132kV,20.4,75.0,87,92,20.408586502075195,74.98617553710938,75,2026-01-02T12:15:00+00:00,2026-01-02T17:45:00+05:30,1.5055742263793943,14.93707275390625,0.3467432856559753,43.07818984985352,87.2557144165039,1.0,2026-01-02 17:45:00,14.93707275390625,80.0,87.26367618443167,0.04773970759313905,1,17.75,0.01798484946236559,1.4387879569892472,14.93707275390625,2.7686480149612755,223.11614245548844,3332.7020524285417,0.7130914855689287,-0.9978589232386035,-0.06540312923014273,1.532731016554576
R18,2026-01-02T15:00:00+00:00,2026-01-02T20:30:00+05:30,MH,Fermi Solar 132kV,20.4,75.0,87,92,20.408586502075195,74.98617553710938,180,2026-01-02T15:00:00+00:00,2026-01-02T20:30:00+05:30,,0.0,0.0,0.0,123.62494659423828,0.0,2026-01-02 20:30:00,0.0,80.0,123.63533864889231,-0.5539051695971839,1,20.5,0.0,0.0,0.0,0.0,0.0,0.0,-0.0,-0.7933533402912357,0.6087614290087199,0.0
R18,2026-01-02T14:45:00+00:00,2026-01-02T20:15:00+05:30,MH,Fermi Solar 132kV,20.4,75.0,87,92,20.408586502075195,74.98617553710938,165,2026-01-02T14:45:00+00:00,2026-01-02T20:15:00+05:30,,0.0,0.0,0.0,120.22968292236328,0.0,2026-01-02 20:15:00,0.0,80.0,120.2399229219365,-0.5036220394285146,1,20.25,0.0,0.0,0.0,0.0,0.0,0.0,-0.0,-0.8314696123025455,0.5555702330196018,0.0
R18,2026-01-02T14:30:00+00:00,2026-01-02T20:00:00+05:30,MH,Fermi Solar 132kV,20.4,75.0,87,92,20.408586502075195,74.98617553710938,150,2026-01-02T14:30:00+00:00,2026-01-02T20:00:00+05:30,,0.0,0.0,0.0,116.84686279296876,0.0,2026-01-02 20:00:00,0.0,80.0,116.85693660494462,-0.4517643083176753,1,20.0,0.0,0.0,0.0,0.0,0.0,0.0,-0.0,-0.8660254037844386,0.5000000000000001,0.0
R18,2026-01-02T14:15:00+00:00,2026-01-02T19:45:00+05:30,MH,Fermi Solar 132kV,20.4,75.0,87,92,20.408586502075195,74.98617553710938,135,2026-01-02T14:15:00+00:00,2026-01-02T19:45:00+05:30,,0.0,0.0,0.0,113.4779052734375,0.0,2026-01-02 19:45:00,0.0,80.0,113.48780841994598,-0.3985539249105908,1,19.75,0.0,0.0,0.0,0.0,0.0,0.0,-0.0,-0.8968727415326885,0.442288690219001,0.0
R18,2026-01-02T14:00:00+00:00,2026-01-02T19:30:00+05:30,MH,Fermi Solar 132kV,20.4,75.0,87,92,20.408586502075195,74.98617553710938,120,2026-01-02T14:00:00+00:00,2026-01-02T19:30:00+05:30,,0.0,0.0,0.0,110.1243896484375,0.0,2026-01-02 19:30:00,0.0,80.0,110.13410465608803,-0.3442186187623583,1,19.5,0.0,0.0,0.0,0.0,0.0,0.0,-0.0,-0.923879532511287,0.38268343236508917,0.0
R18,2026-01-02T13:45:00+00:00,2026-01-02T19:15:00+05:30,MH,Fermi Solar 132kV,20.4,75.0,87,92,20.408586502075195,74.98617553710938,105,2026-01-02T13:45:00+00:00,2026-01-02T19:15:00+05:30,,0.0,0.0,0.0,106.7880401611328,0.0,2026-01-02 19:15:00,0.0,80.0,106.79755428384598,-0.28899093273307713,1,19.25,0.0,0.0,0.0,0.0,0.0,0.0,-0.0,-0.9469301294951057,0.3214394653031615,0.0
R18,2026-01-02T13:30:00+00:00,2026-01-02T19:00:00+05:30,MH,Fermi Solar 132kV,20.4,75.0,87,92,20.408586502075195,74.98617553710938,90,2026-01-02T13:30:00+00:00,2026-01-02T19:00:00+05:30,,0.0,0.0,0.0,103.47077941894533,0.0,2026-01-02 19:00:00,0.0,80.0,103.48007701577689,-0.23310723565568472,1,19.0,0.0,0.0,0.0,0.0,0.0,0.0,-0.0,-0.9659258262890684,0.2588190451025203,0.0
R18,2026-01-02T13:15:00+00:00,2026-01-02T18:45:00+05:30,MH,Fermi Solar 132kV,20.4,75.0,87,92,20.408586502075195,74.98617553710938,75,2026-01-02T13:15:00+00:00,2026-01-02T18:45:00+05:30,,0.0,0.0,0.0,100.17474365234376,0.0,2026-01-02 18:45:00,0.0,80.0,100.18381383536173,-0.176806696160989,1,18.75,5.882352941176471e-08,4.705882352941177e-06,0.0,0.0,0.0,0.0,-0.0,-0.9807852804032304,0.1950903220161283,4.816833383896772e-06
